<?xml version="1.0" encoding="UTF-8"?>
<project-private xmlns="http://www.netbeans.org/ns/project-private/1">
    <editor-bookmarks xmlns="http://www.netbeans.org/ns/editor-bookmarks/2" lastBookmarkId="0"/>
    <open-files xmlns="http://www.netbeans.org/ns/projectui-open-files/2">
        <group>
            <file>file:/C:/Users/Sebas/OneDrive/Documentos/NetBeansProjects/Trabajos_2/src/Continuacion/Trabajo_17.java</file>
            <file>file:/C:/Users/Sebas/OneDrive/Documentos/NetBeansProjects/Trabajos_2/src/Continuacion/Trabajo_20.java</file>
            <file>file:/C:/Users/Sebas/OneDrive/Documentos/NetBeansProjects/Trabajos_2/src/Continuacion/Trabajo_19.java</file>
            <file>file:/C:/Users/Sebas/OneDrive/Documentos/NetBeansProjects/Trabajos_2/src/Continuacion/Trabajo_10.java</file>
            <file>file:/C:/Users/Sebas/OneDrive/Documentos/NetBeansProjects/Trabajos_2/src/Continuacion/Trabajo_18.java</file>
        </group>
    </open-files>
</project-private>
